#,サブシステムID,サブシステム名,機能ID,機能名,No.,画面ID,画面名,No.,ユースケースID,ユースケース,試験ID
1,EF,フロント機能,01,TOPページ,01,EF0101,TOPページ,01,EF0101-UC01,・新着情報の表示を行えます。,
2,EF,フロント機能,01,TOPページ,01,EF0101,TOPページ,02,EF0101-UC02,・商品カテゴリをもとに検索できます。,
3,EF,フロント機能,01,TOPページ,01,EF0101,TOPページ,03,EF0101-UC03,・キーワード検索（ブランド名、商品名の一部など）で検索できます。,
4,EF,フロント機能,02,商品紹介,01,EF0201,商品一覧ページ,01,EF0201-UC01,・登録商品をカテゴリごとに一覧表示します。,
5,EF,フロント機能,02,商品紹介,01,EF0201,商品一覧ページ,02,EF0201-UC02,・一覧ページで商品がサムネイル表示されます。,
6,EF,フロント機能,02,商品紹介,01,EF0201,商品一覧ページ,03,EF0201-UC03,・商品を価格順、新着順で並び替えをする事ができます。,
7,EF,フロント機能,02,商品紹介,01,EF0201,商品一覧ページ,04,EF0201-UC04,・商品の表示件数を変更することができます。,
8,EF,フロント機能,02,商品紹介,02,EF0202,商品詳細ページ,01,EF0202-UC01,・説明文表示、商品画像表示、カートに入れるボタン表示。,
9,EF,フロント機能,02,商品紹介,02,EF0202,商品詳細ページ,02,EF0202-UC02,・商品をカートに入れることができる。,
10,EF,フロント機能,02,商品紹介,02,EF0202,商品詳細ページ,03,EF0202-UC03,・在庫が切れた場合には、自動的に在庫切れを表示します。,
11,EF,フロント機能,02,商品紹介,03,EF0203,商品詳細ページ,03,EF0203-UC03,・おすすめ、残り僅かなどの商品ステータスを表示(手動)させる事ができます。※プラグイン,-
12,EF,フロント機能,02,商品紹介,04,EF0204,商品詳細ページ,04,EF0204-UC04,・会員登録しログインしている状態で、商品をお気に入りに登録することができます。※プラグイン,-
13,EF,フロント機能,02,商品紹介,05,EF0205,商品詳細ページ,05,EF0205-UC05,・商品詳細ページ商品レビューを登録、表示できるようにします。※プラグイン,-
14,EF,フロント機能,02,商品紹介,06,EF0206,商品詳細ページ,06,EF0206-UC06,・おすすめ、残り僅かなどのステータスを表示(手動)させる事ができます。※プラグイン,-
15,EF,フロント機能,02,商品紹介,07,EF0207,商品詳細ページ,08,EF0207-UC08,・ダウンロード販売商品を購入することができます。※プラグイン,-
16,EF,フロント機能,03,商品注文,01,EF0301,カート,01,EF0301-UC01,・複数商品選択などを行う、基本的なショッピングカート機能です。,"EF0301-UC01-T01, EF0301-UC01-T02, EF0301-UC01-T03, EF0301-UC01-T04, EF0302-UC01-T01, EF0302-UC02-T01, EF0305-UC02-T01, EF0305-UC04-T01"
17,EF,フロント機能,03,商品注文,02,EF0302,商品購入（ログイン/ゲスト購入画面）,01,EF0302-UC01,・ログインを行うことができます。,"EF0302-UC01-T01, EF0302-UC02-T01"
18,EF,フロント機能,03,商品注文,02,EF0302,商品購入（ログイン/ゲスト購入画面）,02,EF0302-UC02,・ゲスト（非会員ユーザのまま）として購入する。,"EF0302-UC02-T01, EF0305-UC02-T01, EF0305-UC04-T01"
19,EF,フロント機能,03,商品注文,03,EF0303,お客様情報,01,EF0303-UC01,・お客様情報を入力する。（ゲスト購入の場合）,"EF0302-UC02-T01, EF0305-UC02-T01, EF0305-UC04-T01"
20,EF,フロント機能,03,商品注文,04,EF0304,商品購入/お届け先の複数指定,01,EF0304-UC01,・1回の注文で、複数のお届け先を設定することができます。,
21,EF,フロント機能,03,商品注文,05,EF0305,ご注文内容確認,01,EF0305-UC01,・送料、手数料を自動計算した後、注文内容の確認情報を表示します。,"EF0302-UC01-T01, EF0302-UC02-T01, EF0305-UC02-T01, EF0305-UC04-T01"
22,EF,フロント機能,03,商品注文,05,EF0305,ご注文内容確認,02,EF0305-UC02,・お客様情報を表示する。（ゲスト購入の場合、変更可）,"EF0302-UC01-T01, EF0302-UC02-T01, EF0305-UC02-T01, EF0305-UC04-T01"
23,EF,フロント機能,03,商品注文,05,EF0305,ご注文内容確認,03,EF0305-UC03,・お届け先情報を記入する。,"EF0302-UC01-T01, EF0302-UC02-T01, EF0305-UC02-T01, EF0305-UC04-T01"
24,EF,フロント機能,03,商品注文,05,EF0305,ご注文内容確認,04,EF0305-UC04,・お届先情報を変更する。,EF0305-UC04-T01
25,EF,フロント機能,03,商品注文,05,EF0305,ご注文内容確認,05,EF0305-UC05,・お支払い方法を選択する。,"EF0302-UC01-T01, EF0302-UC02-T01, EF0305-UC02-T01, EF0305-UC04-T01"
26,EF,フロント機能,03,商品注文,05,EF0305,ご注文内容確認,06,EF0305-UC06,・お問い合わせ欄を記入する。,"EF0302-UC01-T01, EF0302-UC02-T01, EF0305-UC02-T01, EF0305-UC04-T01"
27,EF,フロント機能,03,商品注文,06,EF0306,注文完了,01,EF0306-UC01,・注文登録と同時にThanksメールを自動送信し、管理者にも注文受付メールを送信します。,"EF0302-UC01-T01, EF0302-UC02-T01, EF0305-UC02-T01, EF0305-UC04-T01"
28,EF,フロント機能,04,会員登録,01,EF0401,会員登録,01,EF0401-UC01,・会員情報の登録が出来ます。,
29,EF,フロント機能,04,会員登録,02,EF0402,仮会員登録完了ページ）,02,EF0402-UC02,・認証メールを送信し仮会員登録の完了ページを表示します。,
30,EF,フロント機能,04,会員登録,03,EF0403,会員登録（完了ページ）,03,EF0403-UC03,・会員登録の完了ページを表示します。,
31,EF,フロント機能,04,会員登録,04,EF0404,ご利用規約,01,EF0404-UC01,・ご利用規約の登録情報を表示します。,
32,EF,フロント機能,05,マイページ,05,EF0408,マイページ,01,EF0408-UC01,・過去の注文を一覧表示します。,
33,EF,フロント機能,05,マイページ,06,EF0506,マイページ/購入履歴詳細,01,EF0506-UC01,・注文内容の詳細・状況を表示します。,
34,EF,フロント機能,05,マイページ,07,EF0507,マイページ/会員情報変更,02,EF0507-UC02,・会員情報の変更が出来ます。,
35,EF,フロント機能,05,マイページ,08,EF0508,マイページ/会員情報登録変更(完了ページ),01,EF0508-UC01,・会員情報の変更完了ページを表示します。,
36,EF,フロント機能,05,マイページ,09,EF0509,マイページ/本会員登録(完了ページ),01,EF0509-UC01,・本会員登録を行います。,
37,EF,フロント機能,05,マイページ,10,EF0510,マイページ/お届け先追加･変更,01,EF0510-UC01,・複数の配送先の登録ができます。,
38,EF,フロント機能,05,マイページ,10,EF0510,マイページ/お届け先追加･変更,02,EF0510-UC02,・複数の配送先の編集ができます。,
39,EF,フロント機能,05,マイページ,10,EF0510,マイページ/お届け先追加･変更,03,EF0510-UC03,・複数の配送先の削除ができます。,
40,EF,フロント機能,05,マイページ,11,EF0511,マイページ/ログイン,02,EF0511-UC02,・ユーザログイン画面を提供します。,
41,EF,フロント機能,05,マイページ,12,EF0512,マイページ/退会手続き(入力ページ),03,EF0512-UC03,・退会手続きを行えるようにします。,
42,EF,フロント機能,05,マイページ,13,EF0513,マイページ/退会手続き(完了ページ),04,EF0513-UC04,・退会手続きを実行します。,
43,EF,フロント機能,05,マイページ,14,EF0514,マイページ/お気に入り一覧,02,EF0514-UC02,・メールマガジン購読登録の解除、変更ができます。　※プラグインとして別途提供,-
44,EF,フロント機能,05,マイページ,15,EF0515,マイページ/お気に入り一覧,01,EF0515-UC01,・お気に入りに登録した商品を一覧表示します。　※プラグインとして別途提供,-
45,EF,フロント機能,06 ,その他,01,EF06 01,パスワード再発行,01,EF06 01-UC01,ユーザが会員登録しているメアドで認証を行いパスワードを再発行します。,
46,EF,フロント機能,06 ,その他,02,EF06 02,当サイトについて,01,EF06 02-UC01,・当サイトに関する情報を表示します。,
47,EF,フロント機能,06 ,その他,03,EF06 03,プライバシーポリシー,01,EF06 03-UC01,・プライバシーポリシーに関する情報を表示します。,
48,EF,フロント機能,06 ,その他,04,EF06 04,特定商取引に関する法律に基づく表記,01,EF06 04-UC01,・特定商取引に関する法律に定める要件を表示します。,
49,EF,フロント機能,06 ,その他,05,EF06 05,お問い合わせ(入力ページ),01,EF06 05-UC01,・問い合わせフォームから管理者宛てに問い合わせをメールする情報を入力します。,
50,EF,フロント機能,06 ,その他,06,EF06 06,お問い合わせ(完了ページ),01,EF06 06-UC01,・問い合わせフォームから管理者宛てに問い合わせを完了します。,
51,EF,フロント機能,99,画面外の機能,09,EF9909,多言語対応,01,EF9909-UC01,UTF-8の採用、ロケール機構により多言語サイトに対応します。※画面はない,
52,EA,管理機能,01,TOPページ,01,EA0101,ホーム,01,EA0101-UC01,・現在の受注状況、お知らせ、売り上げ状況、ショップ状況をTOPページに表示が行えます。,
53,EA,管理機能,02,認証機能,01,EA0201,ホーム,01,EA0201-UC01,パスワード認証機能（管理者登録したユーザでのID/パスワードによるログイン）,
54,EA,管理機能,03,商品管理,01,EA0301,商品マスター,01,EA0301-UC01,・商品の検索、一覧表示が行えます。,"EA0301-UC01-T01, EA0301-UC01-T02"
55,EA,管理機能,03,商品管理,01,EA0301,商品マスター,02,EA0301-UC02,・商品データのCSV出力が行えます。,"EA0301-UC02-T01, EA0301-UC02-T02"
56,EA,管理機能,03,商品管理,02,EA0302,商品登録,01,EA0302-UC01,・商品基本情報登録を行う。（商品名・種別、説明、在庫数、複数カテゴリ設定など）,"EA0302-UC01-T01, EA0302-UC01-T02, EA0302-UC01-T03, EA0302-UC01-T04"
57,EA,管理機能,03,商品管理,02,EA0302,商品登録,02,EA0302-UC02,・商品詳細情報登録を行う（商品コード、販売制限数、検索ワード、お届け可能日、商品送料など）,"EA0302-UC01-T01, EA0302-UC01-T02, EA0302-UC01-T03, EA0302-UC01-T04"
58,EA,管理機能,03,商品管理,02,EA0302,商品登録,03,EA0302-UC03,・商品に関してフリーな情報の登録を行うことができます。,"EA0302-UC01-T01, EA0302-UC01-T02, EA0302-UC01-T03, EA0302-UC01-T04"
59,EA,管理機能,03,商品管理,02,EA0302,商品登録,04,EA0302-UC04,・商品に対して、公開/非公開の設定を行うことができます。,"EA0310-UC02-T01, EA0310-UC02-T02"
60,EA,管理機能,03,商品管理,02,EA0302,商品登録,05,EA0302-UC05,・商品に関する規格の設定/複製/削除/確認を行うことができます。,"EA0302-UC05-T01, EA0302-UC05-T02, EA0302-UC05-T03"
61,EA,管理機能,03,商品管理,02,EA0302,商品登録,06,EA0302-UC06,・商品に関して、ショップ用メモ欄にメモを入力することができます。,"EA0302-UC01-T01, EA0302-UC01-T02, EA0302-UC01-T03, EA0302-UC01-T04"
62,EA,管理機能,03,商品管理,03,EA0303,規格管理,01,EA0303-UC01,・規格の管理/分類の登録を行うことができます。,"EA0303-UC01-T01, EA0303-UC01-T02"
63,EA,管理機能,03,商品管理,03,EA0303,規格管理,02,EA0303-UC02,・規格の管理/分類の編集を行うことができます。,EA0303-UC02-T01
64,EA,管理機能,03,商品管理,03,EA0303,規格管理,03,EA0303-UC03,・規格の管理/分類の削除を行うことができます。,EA0303-UC03-T01
65,EA,管理機能,03,商品管理,04,EA0304,規格管理＞分類登録,01,EA0304-UC01,・規格の分類を登録することができます,"EA0304-UC01-T01, EA0304-UC01-T02"
66,EA,管理機能,03,商品管理,04,EA0304,規格管理＞分類登録,02,EA0304-UC02,・規格の分類を編集することができます,EA0304-UC02-T01
67,EA,管理機能,03,商品管理,04,EA0304,規格管理＞分類登録,03,EA0304-UC03,・規格の分類を削除することができます,EA0304-UC03-T01
68,EA,管理機能,03,商品管理,05,EA0305,カテゴリ登録,01,EA0305-UC01,・商品の表示スタイル選択、階層の登録が行えます。,"EA0305-UC01-T01, EA0305-UC01-T02, EA0305-UC01-T03, EA0305-UC01-T04"
69,EA,管理機能,03,商品管理,05,EA0305,カテゴリ登録,02,EA0305-UC02,・商品の表示スタイル選択、階層の編集が行えます。,"EA0305-UC02-T01,EA0305-UC01-T03,EA0305-UC01-T04"
70,EA,管理機能,03,商品管理,05,EA0305,カテゴリ登録,03,EA0305-UC03,・カテゴリ情報のCSV出力が行えます。,"EA0305-UC03-T01,EA0305-UC03-T02"
71,EA,管理機能,03,商品管理,05,EA0305,カテゴリ登録,04,EA0305-UC04, ・カテゴリ情報の削除が行えます。,"EA0305-UC04-T01, EA0305-UC04-T01, EA0305-UC04-T02"
72,EA,管理機能,03,商品管理,06,EA0306,商品登録CSV,01,EA0306-UC01,・商品データをCSVで一括登録できます。,"EA0306-UC01-T01, EA0306-UC01-T02"
73,EA,管理機能,03,商品管理,07,EA0307,カテゴリ登録CSV,01,EA0307-UC01,・CSVファイルを使いカテゴリの一括登録を行えます。,"EA0307-UC01-T01, EA0307-UC01-T02"
74,EA,管理機能,03,商品管理,08,EA0308,規格並び替え,01,EA0308-UC01,・各規格商品一覧に表示される表示順序の変更が行えます。,"EA0308-UC01-T01, EA0308-UC01-T02"
75,EA,管理機能,03,商品管理,09,EA0309,商品並び替え,01,EA0309-UC01,・各カテゴリ商品一覧に表示される表示順序の変更が行えます。,"EA0309-UC01-T01, EA0309-UC01-T02"
76,EA,管理機能,03,商品管理,10,EA0310,商品登録(商品規格),01,EA0310-UC01,・商品に商品規格を登録できます。,"EA0310-UC01-T01, EA0310-UC01-T02"
77,EA,管理機能,03,商品管理,10,EA0310,商品登録(商品規格),02,EA0310-UC02,・商品に商品規格を編集できます。,"EA0310-UC02-T01, EA0310-UC02-T02"
78,EA,管理機能,03,商品管理,10,EA0310,商品登録(商品規格),03,EA0310-UC03,・商品に商品規格を削除できます。,
79,EA,管理機能,03,商品管理,11,EA0311,分類並び替え,01,EA0311-UC01,・各分類一覧に表示される表示順序の変更が行えます。,"EA0311-UC01-T01, EA0311-UC01-T02"
80,EA,管理機能,04,受注管理,01,EA0401,受注マスター,01,EA0401-UC01,・受注情報の検索、一覧を表示します。,"EA0401-UC01-T01, EA0401-UC01-T02"
81,EA,管理機能,04,受注管理,01,EA0401,受注マスター,02,EA0401-UC02,・受注内容のCSV出力が行えます。,EA0401-UC02-T01
82,EA,管理機能,04,受注管理,01,EA0401,受注マスター,03,EA0401-UC03,・配送情報のCSV出力が行えます。,EA0401-UC03-T01
83,EA,管理機能,04,受注管理,01,EA0401,受注マスター,04,EA0401-UC04,・複数の受注ステータスを一括で変更できます。,
84,EA,管理機能,04,受注管理,01,EA0401,受注マスター,05,EA0401-UC05,・受注情報の編集を行えます。,"EA0401-UC05-T01, EA0401-UC05-T02"
85,EA,管理機能,04,受注管理,01,EA0401,受注マスター,06,EA0401-UC06,・未処理、商品手配中、配送中などのステータスの設定が行えます。,EA0401-UC06-T01
86,EA,管理機能,04,受注管理,01,EA0401,受注マスター,07,EA0401-UC07,・複数配送の設定を行えます。,
87,EA,管理機能,04,受注管理,01,EA0401,受注マスター,08,EA0401-UC08,・受注情報の削除を行えます。,"EA0401-UC08-T01, EA0401-UC08-T02"
88,EA,管理機能,04,受注管理,02,EA0402,受注管理メール確認,01,EA0402-UC01,・注文顧客に任意タイミングで「商品発送済みメール」などのメールを送信できます。（個別送信）,EA0402-UC01-T01
89,EA,管理機能,04,受注管理,02,EA0402,受注管理メール確認,02,EA0402-UC02,・検索結果一覧チェックした顧客に任意タイミングで「商品発送済メール」などメール送信（一括送信）,EA0402-UC02-T01
90,EA,管理機能,04,受注管理,03,EA0403,メール通知（入力ページ）,01,EA0403-UC01,・配信メールの件名/ヘッダー/フッターを入力する。,"EA0402-UC01-T01, EA0402-UC02-T01"
91,EA,管理機能,04,受注管理,04,EA0404,メール通知（確認ページ）,01,EA0404-UC01,・前画面で入力されたタイトル、本文（ヘッダー+請求金額+商品明細+注文者情報+配送情報）を表示,"EA0402-UC01-T01, EA0402-UC02-T01"
92,EA,管理機能,04,受注管理,05,EA0405,受注登録,01,EA0405-UC01,・受注情報の登録を行えます。,"EA0405-UC01-T01, EA0405-UC01-T02"
93,EA,管理機能,05,会員管理,01,EA0501,会員マスター,01,EA0501-UC01,・顧客情報の検索、一覧表示が行えます。,"EA0501-UC01-T01, EA0501-UC01-T02"
94,EA,管理機能,05,会員管理,01,EA0501,会員マスター,03,EA0501-UC03,・既存会員データの削除が行えます。,"EA0501-UC03-T01, EA0501-UC03-T02"
95,EA,管理機能,05,会員管理,01,EA0501,会員マスター,04,EA0501-UC04,・会員情報のCSV出力項目設定変更が行えます。,EA0501-UC04-T01
96,EA,管理機能,05,会員管理,01,EA0501,会員マスター,05,EA0501-UC05,・会員情報のCSVダウンロードが行えます。,EA0501-UC05-T01
97,EA,管理機能,05,会員管理,01,EA0501,会員マスター,06,EA0501-UC06,・会員登録仮登録完了メールを再送できます。,"EA0501-UC06-T01, EA0501-UC06-T02"
98,EA,管理機能,05,会員管理,02,EA0502,会員登録,01,EA0502-UC01,・電話やFAXで発生した顧客情報の登録が行えます。,"EA0502-UC01-T01, EA0502-UC01-T02"
99,EA,管理機能,05,会員管理,02,EA0502,会員登録,02,EA0502-UC02,・既存顧客データの編集が行えます。,"EA0502-UC02-T01, EA0502-UC02-T02"
100,EA,管理機能,06,コンテンツ管理,01,EA0601,新着情報管理,01,EA0601-UC01,・フロントTOPページなどに表示する新着情報の登録が行えます。,
101,EA,管理機能,06,コンテンツ管理,01,EA0601,新着情報管理,02,EA0601-UC02,・フロントTOPページなどに表示する新着情報の編集が行えます。,
102,EA,管理機能,06,コンテンツ管理,01,EA0601,新着情報管理,03,EA0601-UC03,・フロントTOPページなどに表示する新着情報の削除が行えます。,
103,EA,管理機能,06,コンテンツ管理,02,EA0602,ファイル管理,01,EA0602-UC01,ファイルのアップロード、ダウンロードが行えます。,
104,EA,管理機能,06,コンテンツ管理,03,EA0603,ページ管理,01,EA0603-UC01,TOPページ、商品一覧ページ、商品詳細ページのレイアウトを変更/編集する事ができます。,
105,EA,管理機能,06,コンテンツ管理,04,EA0604,ブロック管理,01,EA0604-UC01,・各画面共通で使用する箇所のレイアウト編集を行えます。（ギャラリー、フッター、ログインなど）,
106,EA,管理機能,06,コンテンツ管理,05,EA0605,CSS編集,01,EA0605-UC01,・CSSの編集ができます。,
107,EA,管理機能,06,コンテンツ管理,06,EA0606,高度なSQL,01,EA0606-UC01,・高度なSQL構文を使用し、データの抽出を行えます。,
108,EA,管理機能,06,コンテンツ管理,07,EA0607,高度なSQL構文確認,01,EA0607-UC01,・フォームに登録したSQLの構文チェックをします,
109,EA,管理機能,06,コンテンツ管理,,EA06,SEO管理,01,EA06-UC01,ページ毎にメタタグにキーワードを埋め込む事ができます。,-
110,EA,管理機能,07,設定（基本情報設定）,01,EA0701,SHOPマスター,01,EA0701-UC01,・サイト運営に必要な会社情報の設定、編集が行えます。,
111,EA,管理機能,07,設定（基本情報設定）,02,EA0702,特定商取引法,01,EA0702-UC01,・特定商取引に関する法律に定める要件等の記入、編集が行えます。,
112,EA,管理機能,07,設定（基本情報設定）,03,EA0703,会員規約設定,01,EA0703-UC01,・会員登録時に確認する規約の記入、編集が行えます。,
113,EA,管理機能,07,設定（基本情報設定）,04,EA0704,支払方法設定,01,EA0704-UC01,・支払い方法設定の一覧を表示する,
114,EA,管理機能,07,設定（基本情報設定）,04,EA0704,支払方法設定,02,EA0704-UC02,・支払い方法一覧の順序を入れ替えることができます。,
115,EA,管理機能,07,設定（基本情報設定）,04,EA0704,支払方法設定,03,EA0704-UC03,・支払い方法の削除を行うことができます。,
116,EA,管理機能,07,設定（基本情報設定）,05,EA0705,支払方法登録編集,01,EA0705-UC01,・支払い方法の登録を行うことができます。,
117,EA,管理機能,07,設定（基本情報設定）,05,EA0705,支払方法登録編集,02,EA0705-UC02,・支払い方法の編集を行うことができます。,
118,EA,管理機能,07,設定（基本情報設定）,06,EA0706,配送方法設定,01,EA0706-UC01,・配送方法設定の一覧を表示する,
119,EA,管理機能,07,設定（基本情報設定）,06,EA0706,配送方法設定,02,EA0706-UC02,・配送方法の削除が行える。,
120,EA,管理機能,07,設定（基本情報設定）,06,EA0706,配送方法設定,03,EA0706-UC03,・配送方法一覧の順序を入れ替えることができます。,
121,EA,管理機能,07,設定（基本情報設定）,07,EA0707,配送方法設定,01,EA0707-UC01,・配送方法の登録が行える。,
122,EA,管理機能,07,設定（基本情報設定）,07,EA0707,配送方法設定,02,EA0707-UC02,・配送方法の編集が行える。,
123,EA,管理機能,07,設定（基本情報設定）,07,EA0707,税率設定,01,EA0707-UC01,・消費税の端数を何桁で切り捨てるか、四捨五入/切捨てのどちらで計算するかを設定が行えます。,
124,EA,管理機能,07,設定（基本情報設定）,08,EA0708,メール管理,01,EA0708-UC01,・メールテンプレート（注文受付メール、問合受付メール）登録が行えます。,
125,EA,管理機能,07,設定（基本情報設定）,08,EA0708,メール管理,02,EA0708-UC02,・メールテンプレート（注文受付メール、問合受付メール）編集が行えます。,
126,EA,管理機能,07,設定（基本情報設定）,09,EA0709,CSV出力項目設定,01,EA0709-UC01,CSVで出力する際に記載される内容を設定できます。,
127,EA,管理機能,07,設定（基本情報設定）,10,EA0710,ポイント設定,01,EA0710-UC01,◎ポイント付与率の設定　商品全体に対するポイントの付与率の設定が行えます。,
128,EA,管理機能,07,設定（基本情報設定）,10,EA0710,ポイント設定,02,EA0710-UC02,◎会員登録時付与ポイント　会員時に付与するポイント数の設定が行えます。,
129,EA,管理機能,07,設定（基本情報設定）,10,EA0710,ポイント設定,03,EA0710-UC03,◎商品ごとポイント付与率設定　一括付与率でなく商品ごとに付与率の変更が行えます。,
130,EA,管理機能,07,設定（基本情報設定）,10,EA0710,ポイント設定,04,EA0710-UC04,◎ポイントの使用・不使用切替　ポイントの使用、不使用切り替えが行えます。,
131,EA,管理機能,07,設定（基本情報設定）,11,EA0711,SEO管理,01,EA0711-UC01,・メタタグにキーワードを埋め込む事ができます。,
132,EA,管理機能,08,設定（システム情報設定）,01,EA0801,システム情報,01,EA0801-UC01,・サーバ、OS、DB、PHP等システム設定の情報を確認できます。,
133,EA,管理機能,08,設定（システム情報設定）,02,EA0802,メンバー管理,01,EA0802-UC01,・管理画面側のメンバー管理が行えます。,
134,EA,管理機能,08,設定（システム情報設定）,03,EA0803,メンバー登録/編集,01,EA0803-UC01,・複数の管理者の登録が行えます。,
135,EA,管理機能,08,設定（システム情報設定）,04,EA0804,セキュリティ管理,01,EA0804-UC01,・IP制限の設定など、セキュリティに関する設定が行えます。,
136,EA,管理機能,08,設定（システム情報設定）,04,EA0804,セキュリティ管理,02,EA0804-UC02,・管理画面のURLを変更することができます。,
137,EA,管理機能,08,設定（システム情報設定）,06,EA0806,バックアップ管理,01,EA0806-UC01,・EC-CUBEの現在の登録商品などや顧客データのバックアップを保存します。※プラグイン,-
138,EA,管理機能,08,設定（システム情報設定）,07,EA0807,高度なデータベース管理,01,EA0807-UC01,・各テーブルのインデックスをOn/Offすることができます。※プラグイン,-
139,EA,管理機能,08,設定（システム情報設定）,08,EA0808,システム情報,01,EA0808-UC01,・サーバ、OS、DB、PHP等システム設定の情報を確認できます。,
140,EA,管理機能,08,設定（システム情報設定）,09,EA0809,EC-CUBE ログ表示,01,EA0809-UC01,・ECCUBEのログを表示します,
141,EA,管理機能,08,設定（システム情報設定）,10,EA0810,マスターデータ管理,01,EA0810-UC01,・マスターデータの管理が行えます。,
142,EA,管理機能,08,設定（システム情報設定）,11,EA0811,パラメーター設定,01,EA0811-UC01,・パラメータ設定が行えます。,
143,EA,管理機能,09,オーナーズストア,01,EA0901,プラグイン一覧,02,EA0901-UC02,・オーナーズストア/独自プラグインからインストール済の、プラグイン一覧を表示します。,
144,EA,管理機能,09,オーナーズストア,01,EA0901,プラグイン一覧,03,EA0901-UC03,・オーナーズストア/独自プラグインからインストール済のプラグインを無効化します。,
145,EA,管理機能,09,オーナーズストア,01,EA0901,プラグイン一覧,04,EA0901-UC04,・オーナーズストア/独自プラグインからインストール済のプラグインを有効化します。,
146,EA,管理機能,09,オーナーズストア,01,EA0901,プラグイン一覧,05,EA0901-UC05,・オーナーズストア/独自プラグインからインストール済のプラグインを削除します。,
147,EA,管理機能,09,オーナーズストア,02,EA0902,購入済プラグイン,01,EA0902-UC01,・オーナーズストアから購入済のプラグイン一覧を表示します。,
148,EA,管理機能,09,オーナーズストア,03,EA0903,高度な設定,01,EA0903-UC01,インストールしたプラグインの設定を行うことができます。,
149,EA,管理機能,09,オーナーズストア,04,EA0904,プラグイン管理,01,EA0904-UC01,・プラグインを登録することができます。,
150,EA,管理機能,09,オーナーズストア,05,EA0905,テンプレート一覧,01,EA0905-UC01,・あらかじめ用意された専用テンプレートとワンボタンで適用できます。,
151,EA,管理機能,09,オーナーズストア,06,EA0906,アップロード,01,EA0906-UC01,・デザインテンプレートの追加を行えます。,
152,EA,管理機能,09,オーナーズストア,07,EA0907,認証キー設定,01,EA0907-UC01,・購入したプラグインを使用するための認証キーを設定します。,
153,EA,管理機能,09,オーナーズストア,08,EA0908,ログ管理,01,EA0908-UC01,・EC-CUBEのログを閲覧することができます。（直近50件）,
154,EA,管理機能,09,オーナーズストア,09,EA0909,モジュール管理,01,EA0909-UC01,・EC-CUBEで利用できる他社サービスのモジュール設定を行います。,-
155,EA,管理機能,10,その他,01,EA1001,アップデート対応,01,EA1001-UC01,EC-CUBEのマイナーバージョンアップ時にコア機能のアップデートとDBのマイグレーションが可能。,
156,EA,管理機能,11,売上集計,001,EA11001,期間別集計,01,EA11001-UC01,任意の期間の売上集計結果をグラフと一覧で表示できます。※プラグインとして別途提供,-
157,EA,管理機能,11,売上集計,002,EA11002,商品別集計,01,EA11002-UC01,商品別の売上集計結果をグラフと一覧で表示できます。※プラグインとして別途提供,-
158,EA,管理機能,11,売上集計,003,EA11003,年代別集計,01,EA11003-UC01,購入者の年代別の売上集計結果をグラフと一覧で表示できます。※プラグインとして別途提供,-
159,EA,管理機能,11,売上集計,004,EA11004,職業別集計,01,EA11004-UC01,購入者の職業別の売上集計結果をグラフと一覧で表示できます。※プラグインとして別途提供,-
160,EA,管理機能,11,売上集計,005,EA11005,会員別集計,01,EA11005-UC01,購入者の会員別の売上集計結果をグラフと一覧で表示できます。※プラグインとして別途提供,-
161,EA,管理機能,12,メルマガ管理,01,EA1201,配信内容設定,01,EA1201-UC01,・メルマガ配信先のしぼり込み検索、配信予約設定が行えます。※プラグインとして別途提供,-
162,EA,管理機能,12,メルマガ管理,02,EA1202,配信履歴,01,EA1202-UC01,・メルマガの配信履歴、配信内容、配信条件の確認が行えます。※プラグインとして別途提供,-
163,EA,管理機能,12,メルマガ管理,03,EA1203,プレビュー,01,EA1203-UC01,・作成したメルマガのプレビューが行えます。※プラグインとして別途提供,-
164,EA,管理機能,12,メルマガ管理,04,EA1204,テンプレート設定,01,EA1204-UC01,・テンプレートの一覧を表示する※プラグインとして別途提供,-
165,EA,管理機能,12,メルマガ管理,05,EA1205,テンプレート設定,01,EA1205-UC01,・HTMLベース、TEXTベースのメルマガテンプレートの作成が行えます。※プラグインとして別途提供,-
,,,,,,,,,,,
,,,,,,,,,,,
,,,,,,,,,,,
,,,,,,,,,,,
,,,,,,,,,,,
,,,,,,,,,,,
,,,,,,,,,,,
,,,,,,,,,,,
,,,,,,,,,,,
,,,,,,,,,,,
,,,,,,,,,,,
,,,,,,,,,,,
,,,,,,,,,,,
,,,,,,,,,,,
,,,,,,,,,,,
,,,,,,,,,,,
,,,,,,,,,,,
,,,,,,,,,,,
,,,,,,,,,,,
,,,,,,,,,,,
,,,,,,,,,,,
,,,,,,,,,,,
,,,,,,,,,,,
,,,,,,,,,,,
,,,,,,,,,,,
,,,,,,,,,,,
,,,,,,,,,,,
,,,,,,,,,,,
,,,,,,,,,,,
,,,,,,,,,,,
,,,,,,,,,,,
,,,,,,,,,,,
,,,,,,,,,,,
,,,,,,,,,,,
,,,,,,,,,,,
,,,,,,,,,,,
,,,,,,,,,,,
,,,,,,,,,,,
,,,,,,,,,,,
,,,,,,,,,,,
,,,,,,,,,,,
,,,,,,,,,,,
,,,,,,,,,,,
,,,,,,,,,,,
,,,,,,,,,,,
,,,,,,,,,,,
,,,,,,,,,,,
,,,,,,,,,,,
,,,,,,,,,,,
,,,,,,,,,,,
,,,,,,,,,,,
,,,,,,,,,,,
,,,,,,,,,,,
,,,,,,,,,,,
,,,,,,,,,,,
,,,,,,,,,,,
,,,,,,,,,,,
,,,,,,,,,,,
,,,,,,,,,,,
,,,,,,,,,,,
,,,,,,,,,,,
,,,,,,,,,,,
,,,,,,,,,,,
,,,,,,,,,,,
,,,,,,,,,,,
,,,,,,,,,,,
,,,,,,,,,,,
,,,,,,,,,,,
,,,,,,,,,,,
,,,,,,,,,,,
,,,,,,,,,,,
,,,,,,,,,,,
,,,,,,,,,,,
,,,,,,,,,,,
,,,,,,,,,,,
,,,,,,,,,,,
,,,,,,,,,,,
,,,,,,,,,,,
,,,,,,,,,,,
,,,,,,,,,,,
,,,,,,,,,,,
,,,,,,,,,,,
,,,,,,,,,,,
,,,,,,,,,,,
,,,,,,,,,,,
,,,,,,,,,,,
,,,,,,,,,,,
,,,,,,,,,,,
,,,,,,,,,,,
,,,,,,,,,,,
,,,,,,,,,,,
,,,,,,,,,,,
,,,,,,,,,,,
,,,,,,,,,,,
,,,,,,,,,,,
,,,,,,,,,,,
,,,,,,,,,,,
,,,,,,,,,,,
,,,,,,,,,,,
,,,,,,,,,,,
,,,,,,,,,,,
,,,,,,,,,,,
,,,,,,,,,,,
,,,,,,,,,,,
,,,,,,,,,,,
,,,,,,,,,,,
,,,,,,,,,,,
,,,,,,,,,,,
,,,,,,,,,,,
,,,,,,,,,,,
,,,,,,,,,,,
,,,,,,,,,,,
,,,,,,,,,,,
,,,,,,,,,,,
,,,,,,,,,,,
,,,,,,,,,,,
,,,,,,,,,,,
,,,,,,,,,,,
,,,,,,,,,,,
,,,,,,,,,,,
,,,,,,,,,,,
,,,,,,,,,,,
,,,,,,,,,,,
,,,,,,,,,,,
,,,,,,,,,,,
,,,,,,,,,,,
,,,,,,,,,,,
,,,,,,,,,,,
,,,,,,,,,,,
,,,,,,,,,,,
,,,,,,,,,,,
,,,,,,,,,,,
,,,,,,,,,,,
,,,,,,,,,,,
,,,,,,,,,,,